{
    "lib"       : "\\lib",
    "model"     : "\\models",
    "config"    : "\\config",
    "tmp"       : "\\tmp",
    "input"     : "\\input",
    
    "EBA_DPM"   : "\\input\\EBA_DPM",
    "EBA_DPM_VERSION" : "2.7",
    "EBA_COREP" : "\\input\\EBA_DPM\\2.7\\DPM Table Layouts.2.7.0.0\\Annotated Table Layout 281-COREP 2.8.1.1-Errata.xlsx",
    "EBA_FINREP" : "\\input\\EBA_DPM\\2.7\\DPM Table Layouts.2.7.0.0\\Annotated Table Layout 280-FINREP 2.8-Errata.xlsx",

    "corepCorpusPkl" : "\\models\\corep-corpus.pkl",
    "corepRecordPkl" : "\\models\\corep-metrics.pkl",

    "finrepCorpusPkl" : "\\models\\finrep-corpus.pkl",
    "finrepRecordPkl" : "\\models\\finrep-metrics.pkl",

    "EBACorpusPkl" : "\\models\\eba-corpus.pkl",
    "EBARecordPkl" : "\\models\\eba-metrics.pkl",

    "multinomialNB" : "\\models\\multinomial-nb.pkl",
    "multinomialNBCV" : "\\models\\multinomial-nb-cv.pkl",
    "multinomialNBMerics" : "\\models\\multinomial-nb-metrics.pkl",
    "multinomialNBCVMetrics" : "\\models\\multinomial-nb-cv-metrics.pkl",

    "linearSVC" : "\\models\\linear-svc.pkl",
    "linearSVCCV" : "\\models\\linearSVC-nb-cv.pkl",
    "linearSVCMetrics" : "\\models\\linear-svc-metrics.pkl",
    "linearSVCCVMetrics" : "\\models\\linearSVC-nb-cv-metrics.pkl"

}