{
    "lib"       : "/lib",
    "model"     : "/models",
    "config"    : "/config",
    "tmp"       : "/tmp",
    "input"     : "/input",
    "EBA_DPM"   : "/input/EBA_DPM",
    "EBA_DPM_VERSION" : "2.7",
    "EBA_COREP" : "/input/EBA_DPM/2.7/DPM Table Layouts.2.7.0.0/Annotated Table Layout 270-COREP 2017-A.xlsx",
    "corepCorpusPkl" : "/models/corep-corpus.pkl",
    "corepRecordPkl" : "/models/corep-records.pkl",
    "multinomialNB" : "/models/multinomial-nb.pkl",
    "multinomialNBCV" : "/models/multinomial-nb-cv.pkl",
    "linearSVC" : "/models/linear-svc.pkl",
    "linearSVCCV" : "/models/linearSVC-nb-cv.pkl"


}