CORPUS;TABLE
accounting framework reporting level;F 00.01
cash cash balances at central banks and other demand deposits cash on hand cash balances at central banks other demand deposits derivatives equity instruments debt securities loans and advances derivatives equity instruments debt securities loans and advances equity instruments debt securities loans and advances equity instruments debt securities loans and advances equity instruments debt securities loans and advances equity instruments debt securities loans and advances equity instruments debt securities loans and advances debt securities loans and advances equity instruments debt securities loans and advances equity instruments debt securities loans and advances derivatives  hedge accounting fair value changes of the hedged items in portfolio hedge of interest rate risk investments in subsidiaries joint ventures and associates tangible assets property plant and equipment investment property intangible assets goodwill other intangible assets tax assets current tax assets deferred tax assets other assets noncurrent assets and disposal groups classified as held for sale  haircuts for trading assets at fair value total assets;F 01.01
derivatives short positions deposits debt securities issued derivatives short positions deposits debt securities issued deposits debt securities issued deposits debt securities issued deposits debt securities issued derivatives  hedge accounting fair value changes of the hedged items in portfolio hedge of interest rate risk provisions funds for general banking risks if presented within liabilities pension and other post employment defined benefit obligations other long term employee benefits restructuring pending legal issues and tax litigation commitments and guarantees given other provisions tax liabilities current tax liabilities deferred tax liabilities share capital repayable on demand other liabilities liabilities included in disposal groups classified as held for sale haircuts for trading liabilities at fair value total liabilities;F 01.02
capital paid up capital unpaid capital which has been called up share premium equity instruments issued other than capital other equity instruments issued other equity accumulated other comprehensive income items that will not be reclassified to profit and loss tangible assets intangible assets actuarial gains or loss on defined benefit pension plans noncurrent assets and disposal groups classified as held for sale share of other recognised income and expense of investments in subsidiaries joint ventures and associates changes in fair value of equity instruments measured at fair value through other comprehensive income hedge ineffectiveness of fair value hedges for equity instruments measured at fair value through other comprehensive income fair value changes of equity instruments measured at fair value through other comprehensive income hedged item fair value changes of equity instruments measured at fair value through other comprehensive income hedging instrument items that may be reclassified to profit and loss hedges of net investments in foreign operations effective portion foreign currency translation hedging derivatives cash flow hedges reserve effective portion fair value changes of debt instruments measured at fair value through other comprehensive income hedging instruments not designated elements noncurrent assets and disposal groups classified as held for sale share of other recognised income and expense of investments in subsidiaries joint ventures and associates retained earnings revaluation reserves tangible assets equity instruments debt securities other fair value reserves hedges of net investments in foreign operations hedging derivatives cash flow hedges hedging derivatives other hedges other reserves funds for general banking risks if presented within equity reserves or accumulated losses of investments in subsidaries joint ventures and associates accounted for using the equity method other first consolidation differences  treasury shares profit or loss attributable to owners of the parent  interim dividends minority interests noncontrolling interests accumulated other comprehensive income other items total equity total equity and total liabilities;F 01.03
interest income derivatives  hedge accounting interest rate risk other assets interest income on liabilities interest expense derivatives  hedge accounting interest rate risk other liabilities interest expense on assets expenses on share capital repayable on demand dividend income investments in subsidiaries joint ventures and associates other than accounted for using the equity method fee and commission income fee and commission expenses other gains or  losses from hedge accounting net exchange differences gain or  loss net gains or  losses on derecognition of investments in subsidiaries joint ventures and associates net other operating income other operating expenses total operating income net administrative expenses staff expenses other administrative expenses depreciation property plant and equipment investment properties goodwill other intangible assets modification gains or  losses net provisions or  reversal of provisions commitments and guarantees given other provisions increases or  decreases of the fund for general banking risks net impairment or  reversal of impairment of investments in subsidiaries joint ventures and associates property plant and equipment investment properties goodwill other intangible assets other negative goodwill recognised in profit or loss share of the profit or  loss of investments insubsidaries joint ventures and associates accounted for using the equity method profit or  loss from noncurrent assets and disposal groups classified as held for sale not qualifying as discontinued operations profit or  loss before tax from continuing operations tax expenses or  income related to profit or loss from continuing operations profit or  loss after tax from continuing operations extraordinary profit or  loss after tax extraordinary profit or loss before tax tax expenses or  income related to extraordinary profit or loss profit or  loss after tax from discontinued operations profit or  loss before tax from discontinued operations tax expenses or  income related to discontinued operations profit or  loss for the year attributable to minority interest noncontrolling interests attributable to owners of the parent;F 02.00
profit or  loss for the year other comprehensive income items that will not to be reclassified to profit or loss tangible assets intangible assets actuarial gains losses on defined benefit pension plans noncurrent assets and disposal groups held for sale share of other recognised income and expense of entities accounted for using the equity method fair value changes of equity instruments measured at fair value through other comprehensive income gains or  losses from hedge accounting of equity instruments at fair value through other comprehensive income net fair value changes of equity instruments measured at fair value through other comprehensive income hedged item fair value changes of equity instruments measured at fair value through other comprehensive income hedging instrument income tax relating to items that will not be reclassified items that may be reclassified to profit or loss hedge of net investments in foreign operations effective portion valuation gains or  losses taken to equity transferred to profit or loss other reclassifications foreign currency translation translation gains or  losses taken to equity transferred to profit or loss other reclassifications cash flow hedges effective portion valuation gains or  losses taken to equity transferred to profit or loss transferred to initial carrying amount of hedged items other reclassifications hedging instruments not designated elements valuation gains or  losses taken to equity transferred to profit or loss other reclassifications valuation gains or  losses taken to equity transferred to profit or loss other reclassifications noncurrent assets and disposal groups held for sale valuation gains or  losses taken to equity transferred to profit or loss other reclassifications share of other recognised income and expense of investment in subsidiaries joint venture and associate income tax relating to items that may be reclassified to profit or  loss total comprehensive income for the year attributable to minority interest noncontrolling interest attributable to owners of the parent;F 03.00
derivatives equity instruments of which credit institutions debt securities central banks general governments credit institutions loans and advances central banks general governments credit institutions households;F 04.01
equity instruments of which credit institutions debt securities central banks general governments credit institutions loans and advances central banks general governments credit institutions households;F 04.02.1
equity instruments of which credit institutions debt securities central banks general governments credit institutions loans and advances central banks general governments credit institutions households;F 04.03.1
debt securities central banks general governments credit institutions loans and advances central banks general governments credit institutions households;F 04.04.1
loans and advances debt securities;F 04.05
derivatives equity instruments of which unquoted of which credit institutions debt securities central banks general governments credit institutions loans and advances central banks general governments credit institutions households;F 04.06
equity instruments of which unquoted of which credit institutions debt securities central banks general governments credit institutions loans and advances central banks general governments credit institutions households;F 04.07
equity instruments of which unquoted of which credit institutions debt securities central banks general governments credit institutions loans and advances central banks general governments credit institutions households;F 04.08
equity instruments of which unquoted of which credit institutions debt securities central banks general governments credit institutions loans and advances central banks general governments credit institutions households;F 04.09
equity instruments of which unquoted of which credit institutions debt securities central banks general governments credit institutions loans and advances central banks general governments credit institutions households;F 04.10
009 by product on demand call and short notice current account credit card debt trade receivables reverse repurchase loans other term loans advances that are not loans loans and advances 089 by collateral of which loans collateralized by immovable property of which other collateralized loans 109 by purpose of which credit for consumption of which lending for house purchase 129 by subordination;F 05.01
a agriculture forestry and fishing b mining and quarrying c manufacturing d electricity gas steam and air conditioning supply e water supply f construction g wholesale and retail trade h transport and storage i accommodation and food service activities j information and communication l real estate activities m professional scientific and technical activities n administrative and support service activities o public administration and defence compulsory social security p education q human health services and social work activities r arts entertainment and recreation s other services loans and advances;F 06.01
debt securities central banks general governments credit institutions loans and advances central banks general governments credit institutions households total 199 loans and advances by product by collateral and by subordination on demand call and short notice current account credit card debt trade receivables reverse repurchase loans other term loans advances that are not loans of which loans collateralized by immovable property of which other collateralized loans of which credit for consumption of which lending for house purchase;F 07.01
debt securities central banks general governments credit institutions loans and advances central banks general governments credit institutions households total 199 loans and advances by product by collateral and by subordination on demand call and short notice current account credit card debt trade receivables reverse repurchase loans other term loans advances that are not loans of which loans collateralized by immovable property of which other collateralized loans of which credit for consumption of which lending for house purchase;F 07.02
derivatives short positions equity instruments debt securities deposits central banks current accounts  overnight deposits deposits with agreed maturity deposits redeemable at notice repurchase agreements general governments current accounts  overnight deposits deposits with agreed maturity deposits redeemable at notice repurchase agreements credit institutions current accounts  overnight deposits deposits with agreed maturity deposits redeemable at notice repurchase agreements current accounts  overnight deposits deposits with agreed maturity deposits redeemable at notice repurchase agreements current accounts  overnight deposits deposits with agreed maturity deposits redeemable at notice repurchase agreements households current accounts  overnight deposits deposits with agreed maturity deposits redeemable at notice repurchase agreements debt securities issued certificates of deposits assetbacked securities covered bonds hybrid contracts other debt securities issued nonconvertible;F 08.01.a
deposits debt securities issued;F 08.02
loan commitments given of which nonperforming central banks general governments credit institutions households of which nonperforming central banks general governments credit institutions households other commitments given of which nonperforming central banks general governments credit institutions households;F 09.01
loan commitments received central banks general governments credit institutions households central banks general governments credit institutions households other commitments received central banks general governments credit institutions households;F 09.02
interest rate of which economic hedges otc options otc other organized market options organized market other equity of which economic hedges otc options otc other organized market options organized market other foreign exchange and gold of which economic hedges otc options otc other organized market options organized market other credit of which economic hedges with use of the fair value option of which other economic hedges credit default swap credit spread option total return swap other commodity of which economic hedges other of which economic hedges derivatives otc  credit institutions otc  rest;F 10.00
interest rate otc options otc other organized market options organized market other equity otc options otc other organized market options organized market other foreign exchange otc options otc other organized market options organized market other credit credit default swap credit spread option total return swap other commodity other fair value hedges interest rate otc options otc other organized market options organized market other equity otc options otc other organized market options organized market other foreign exchange otc options otc other organized market options organized market other credit credit default swap credit spread option total return swap other commodity other cash flow hedges hedge of net investments in a foreign operation portfolio fair value hedges of interest rate risk portfolio cash flow hedges of interest rate risk derivativeshedge accounting otc  credit institutions otc  rest;F 11.01
interest rate otc options otc other organized market options organized market other equity otc options otc other organized market options organized market other foreign exchange otc options otc other organized market options organized market other credit credit default swap credit spread option total return swap other commodity other derivatives  hedge accounting of which fair value hedges of which cash flow hedges of which costprice hedges of which hedge in net investments in a foreign operation of which portfolio fair value hedges of interest rate risk of which portfolio cash flow hedges of interest rate risk otc  credit institutions otc  rest;F 11.02
of which held for trading instruments of which nontrading instruments mandatorily at fair value of which instruments under the fair value option;F 11.03
009 assets interest rate equity foreign exchange and gold credit commodity other interest rate equity foreign exchange and gold credit commodity other 149 liabilities interest rate equity foreign exchange and gold credit commodity other;F 11.04
equity instruments specific allowances for credit risk debt securities central banks general governments credit institutions loans and advances central banks general governments credit institutions households general allowances for credit risk debt securities loans and advances general allowances for banking risks debt securities loans and advances total;F 12.00
debt securities central banks general governments credit institutions loans and advances central banks general governments credit institutions households of which collectively measured allowances of which individually measured allowances allowances for debt instruments with significant increase in credit risk since initial recognition but not creditimpaired stage 2 debt securities central banks general governments credit institutions loans and advances central banks general governments credit institutions households of which collectively measured allowances of which individually measured allowances of which nonperforming exposures allowances for creditimpaired debt instruments stage 3 debt securities central banks general governments credit institutions loans and advances central banks general governments credit institutions households of which collectively measured allowances of which individually measured allowances total allowance for debt instruments;F 12.01.a
debt securities central banks general governments credit institutions loans and advances central banks general governments credit institutions households total debt instruments;F 12.02
loans and advances of which households of which lending for house purchase;F 13.01
noncurrent assets heldforsale property plant and equipment investment property equity and debt instruments other total;F 13.02
foreclosure tangible assets;F 13.03
009 assets derivatives equity instruments debt securities loans and advances derivatives equity instruments debt securities loans and advances equity instruments debt securities loans and advances equity instruments debt securities loans and advances equity instruments debt securities loans and advances equity instruments debt securities loans and advances equity instruments debt securities loans and advances derivatives  hedge accounting 149 liabilities derivatives short positions deposits debt securities issued derivatives short positions deposits debt securities issued deposits debt securities issued derivatives  hedge accounting;F 14.00
equity instruments debt securities loans and advances equity instruments debt securities loans and advances equity instruments debt securities loans and advances equity instruments debt securities loans and advances equity instruments debt securities loans and advances equity instruments debt securities loans and advances equity instruments debt securities loans and advances debt securities loans and advances equity instruments debt securities loans and advances equity instruments debt securities loans and advances total;F 15.00.a
derivatives  trading of which interest income from derivatives in economic hedges debt securities central banks general governments credit institutions loans and advances central banks general governments credit institutions households other assets deposits central banks general governments credit institutions households debt securities issued derivatives  hedge accounting interest rate risk other liabilities interest;F 16.01
equity instruments debt securities loans and advances deposits debt securities issued;F 16.02
derivatives of which economic hedges with use of the fair value option equity instruments debt securities loans and advances short positions deposits debt securities issued of which gains and losses due to the reclassification of assets at amortised cost derivatives equity instruments debt securities loans and advances short positions deposits debt securities issued;F 16.03
interest rate instruments and related derivatives equity instruments and related derivatives foreign exchange trading and related derivatives credit risk instruments and related derivatives commodities and related derivatives other interest rate instruments and related derivatives equity instruments and related derivatives foreign exchange trading and related derivatives credit risk instruments and related derivatives commodities and related derivatives other;F 16.04
equity instruments debt securities loans and advances deposits debt securities issued equity instruments debt securities loans and advances deposits debt securities issued;F 16.05
fair value changes of the hedging instrument including discontinuation fair value changes of the hedged item attributable to the hedged risk ineffectiveness in profit or loss from cash flow hedges ineffectiveness in profit or loss from hedges of net investments in foreign operations gains or  losses from hedge accounting net;F 16.06
impairment or  reversal of impairment of investment in subsidiaries joint ventures and associates subsidiaries joint ventures associates property plant and equipment investment properties goodwill other intangible assets other total;F 16.07.a
cash cash balances at central banks and other demand deposits cash on hand cash balances at central banks other demand deposits derivatives equity instruments debt securities loans and advances derivatives equity instruments debt securities loans and advances equity instruments debt securities loans and advances equity instruments debt securities loans and advances equity instruments debt securities loans and advances equity instruments debt securities loans and advances equity instruments debt securities loans and advances debt securities loans and advances equity instruments debt securities loans and advances equity instruments debt securities loans and advances derivatives  hedge accounting fair value changes of the hedged items in portfolio hedge of interest rate risk investments in subsidiaries joint ventures and associates assets under reinsurance and insurance contracts tangible assets intangible assets goodwill other intangible assets tax assets current tax assets deferred tax assets other assets noncurrent assets and disposal groups classified as held for sale  haircuts for trading assets valued at fair value total assets;F 17.01
loan commitments given other commitments given offbalance sheet exposures;F 17.02
derivatives short positions deposits debt securities issued derivatives short positions deposits debt securities issued deposits debt securities issued deposits debt securities issued deposits debt securities issued derivatives  hedge accounting fair value changes of the hedged items in portfolio hedge of interest rate risk liabilities under reinsurance and insurance contracts provisions tax liabilities current tax liabilities deferred tax liabilities share capital repayable on demand other liabilities liabilities included in disposal groups classified as held for sale haircuts for trading liabilities valued at fair value total liabilities capital share premium equity instruments issued other than capital other equity accumulated other comprehensive income retained earnings revaluation reserves fair value reserves other reserves first consolidation differences  treasury shares profit or loss attributable to owners of the parent  interim dividends minority interests noncontrolling interests total equity total equity and total liabilities;F 17.03
debt securities central banks general governments credit institutions loans and advances central banks general governments credit institutions of which small and mediumsized enterprises of which loans collateralised by commercial immovable property households of which loans collateralised by residential immovable property of which credit for consumption debt instruments at cost or at amortised cost debt securities central banks general governments credit institutions loans and advances central banks general governments credit institutions households debt instruments at fair value through other comprehensive income or through equity subject to impairment debt securities central banks general governments credit institutions loans and advances central banks general governments credit institutions households debt instruments at strict locom or fair value through profit or loss or through equity not subject to impairment debt instruments other than held for trading or trading debt instruments held for sale loan commitments given central banks general governments credit institutions households central banks general governments credit institutions households other commitments given central banks general governments credit institutions households offbalance sheet exposures;F 18.00.a
debt securities central banks general governments credit institutions loans and advances central banks general governments credit institutions of which small and mediumsized enterprises of which loans collateralised by commercial immovable property households of which loans collateralised by residential immovable property of which credit for consumption debt instruments valued at cost or at amortised cost debt securities central banks general governments credit institutions loans and advances central banks general governments credit institutions households debt instruments at fair value through other comprehensive income or through equity subject to impairment debt securities central banks general governments credit institutions loans and advances central banks general governments credit institutions households debt instruments at strict locom or fair value through profit or loss or through equity not subject to impairment debt instruments other than held for trading or trading debt instruments held for sale;F 19.00.a
cash and cash balances at central banks cash on hand cash balances at central banks other demand deposits derivatives equity instruments debt securities loans and advances derivatives held for trading equity instruments debt securities loans and advances equity instruments debt securities loans and advances equity instruments debt securities loans and advances equity instruments debt securities loans and advances equity instruments debt securities loans and advances equity instruments debt securities loans and advances debt securities loans and advances debt securities equity instruments loans and advances equity instruments debt securities loans and advances derivatives  hedge accounting fair value changes of the hedged items in portfolio hedge of interest rate risk tangible assets intangible assets investments in subsidiaries joint ventures and associates tax assets other assets noncurrent assets and disposal groups classified as held for sale  haircuts for trading assets valued at fair value assets;F 20.01
derivatives short positions deposits debt securities issued derivatives held for trading short positions deposits debt securities issued deposits debt securities issued deposits debt securities issued deposits debt securities issued derivatives  hedge accounting fair value changes of the hedged items in portfolio hedge of interest rate risk provisions tax liabilities share capital repayable on demand other liabilities liabilities included in disposal groups classified as held for sale haircuts for trading liabilities valued at fair value liabilities;F 20.02
interest income interest expenses expenses on share capital repayable on demand dividend income fee and commission income fee and commission expenses gains or  losses from hedge accounting net exchange differences gain or  loss net gains or  losses on derecognition of investments in subsidiaries joint ventures and associates net other operating income other operating expenses total operating income net administrative expenses depreciation modification gains or  losses net increases or  decreases of the fund for general banking risks net provisions or  reversal of provisions impairment or  reversal of impairment of investments in subsidiaries joint ventures and associates negative goodwill recognised in profit or loss share of the profit or  loss of investments in subsidiaries joint ventures and associates profit or  loss from noncurrent assets and disposal groups classified as held for sale not qualifying as discontinued operations profit or  loss before tax from continuing operations tax expense or  income related to profit or loss from continuing operations profit or  loss after tax from continuing operations extraordinary profit or  loss after tax profit or  loss after tax from discontinued operations profit or  loss for the year;F 20.03
sheet per country of residence of the counterparty derivatives of which credit institutions equity instruments of which credit institutions debt securities central banks general governments credit institutions loans and advances central banks general governments credit institutions of which small and medium sized enterprises of which loans collateralized by commercial immovable property households of which loans collateralized by residential immovable property of which credit for consumption;F 20.04
sheet per country of residence of the counterparty loan commitments given other commitments given;F 20.05.a
sheet per country of residence of the counterparty derivatives of which credit institutions short positions of which credit institutions deposits central banks general governments credit institutions households;F 20.06
sheet per country of residence of the counterparty a agriculture forestry and fishing b mining and quarrying c manufacturing d electricity gas steam and air conditioning supply e water supply f construction g wholesale and retail trade h transport and storage i accommodation and food service activities j information and communication l real estate activities m professional scientific and technical activities n administrative and support service activities o public administration and defence compulsory social security p education q human health services and social work activities r arts entertainment and recreation s other services loans and advances;F 20.07.1
property plant and equipment revaluation model cost model investment property fair value model cost model other intangible assets revaluation model cost model;F 21.00
fee and commission income securities issuances transfer orders other clearing and settlement asset management custody by type of customer collective investment other central administration services for collective investment fiduciary transactions payment services customer resources distributed but not managed by type of product collective investment insurance products other loan servicing activities loan commitments given other fee and commission expenses clearing and settlement custody loan servicing activities loan commitments received other;F 22.01
asset management by type of customer collective investment pension funds customer portfolios managed on a discretionary basis other investment vehicles custody assets by type of customer collective investment other of which entrusted to other entities central administrative services for collective investment fiduciary transactions payment services customer resources distributed but not managed by type of product collective investment insurance products other;F 22.02
total;F 30.01
of which nonperforming derivatives equity instruments debt securities loans and advances equity instruments issued derivatives deposits debt securities issued offbalance sheet exposures given by the reporting institution of which nonperforming;F 30.02
equity instruments debt securities loans and advances of which nonperforming deposits debt securities issued of which nonperforming notional amount of derivatives accumulated impairment and accumulated negative changes in fair value due to credit risk on nonperforming exposures provisions on nonperforming exposures;F 31.01
interest income interest expenses dividend income fee and commission income fee and commission expenses impairment or  reversal of impairment on nonperforming exposures provisions or  reversal of provisions on nonperforming exposures;F 31.02
entity code;F 40.01
security and entity codes;F 40.02
009 assets debt securities loans and advances equity instruments debt securities loans and advances equity instruments debt securities loans and advances 069 liabilities deposits debt securities issued deposits debt securities issued;F 41.01
009 assets debt securities loans and advances 049 liabilities deposits debt securities issued;F 41.02
property plant and equipment revaluation model cost model investment property fair value model cost model other intangible assets revaluation model cost model;F 42.00
opening balance carrying amount at the beginning of the period additions including increases in existing provisions  amounts used  unused amounts reversed during the period increase in the discounted amount passage of time and effect of any change in the discount rate other movements closing balance carrying amount at the end of the period;F 43.00
fair value defined benefit plan assets equity instruments debt instruments real estate other defined benefit plan assets present value of defined benefit obligations effect of the asset ceiling net defined benefit assets carrying amount provisions for pension and other postemployment defined benefit obligations carrying amount memo item fair value of any right to reimbursement recognised as an asset;F 44.01
opening balance present value current service cost interest cost contributions paid actuarial  gains or losses from changes in demographic assumptions foreign currency translation flow increase or  decrease benefits paid past service cost including gains and losses arising from settlements increase or  decrease through business combinations and disposal other increases or  decreases closing balance present value;F 44.02
pension and similar expenses share based payments;F 44.03
;F 45.01
investment property intangible assets other assets;F 45.02
changes in fair value in tangible assets measured using the fair value model investment property operating leases other investment property other other operating income and expenses;F 45.03
opening balance before restatement effects of corrections of errors effects of changes in accounting policies opening balance current period issuance of ordinary shares issuance of preference shares issuance of other equity instruments eg options warrants exerciseexpiration of other equity instrument eg options warrants conversion of debt to equity capital reduction dividends purchase of treasury shares sale or cancellation of treasury shares transfers among components of equity equity increase or  decrease resulting from business combinations share based payments other increase or  decrease in equity total comprehensive income for the year closing balance current period;F 46.00
